,Symbol,Count Day,From,To,Min,Max,Mean Price,STD Price,Mean Volume,STD Volume,Day 1,Day 2,Day 3,Day 4,Day 5,Day Full
0,RDP,5.0,11.55,14.7,11.55,14.7,13.11,1.22,"425,040.00","360,080.36",0.0,3.4,3.65,4.45,4.94,4.94
1,SDA,5.0,28.4,36.0,28.4,36.0,32.36,3.02,"685,223.80","55,728.58",0.0,1.86,4.44,3.73,4.86,4.86
2,AAM,5.0,14.15,17.9,14.15,17.9,15.84,1.52,"144,940.00","25,150.21",0.0,3.38,4.47,5.05,4.81,4.81
3,KVC,5.0,7.2,9.0,7.2,9.0,7.98,0.81,"3,909,849.60","2,839,926.52",0.0,2.3,4.44,5.74,4.56,4.56
4,PSB,5.0,10.6,12.9,10.6,12.9,11.96,1.11,"142,134.40","92,616.31",0.0,0.39,0.79,4.3,4.01,4.01
5,ITQ,5.0,9.4,11.4,9.1,11.4,10.18,1.0,"2,254,280.40","1,445,371.22",0.0,1.8,4.46,5.8,3.93,3.93
6,PCT,5.0,11.2,13.4,11.2,14.8,13.04,1.36,"215,669.60","169,653.72",0.0,-4.85,-0.25,2.16,3.65,3.65
7,PGT,5.0,10.3,12.3,10.2,12.3,10.84,0.92,"110,341.80","135,812.64",0.0,4.8,6.44,4.79,3.61,3.61
8,DXV,5.0,7.65,8.9,7.65,9.36,8.57,0.66,"206,840.00","107,641.48",0.0,-2.49,0.57,2.13,3.07,3.07
9,TNT,5.0,16.9,19.45,16.9,19.5,18.64,1.14,"730,080.00","284,549.20",0.0,-0.13,0.26,1.89,2.85,2.85
10,PDV,5.0,12.0,13.8,12.0,14.3,13.36,0.97,"114,646.80","95,449.64",0.0,-1.76,-0.48,2.1,2.83,2.83
11,PIT,5.0,11.1,12.7,11.1,13.5,12.36,0.91,"200,720.00","193,347.50",0.0,-3.01,0.13,1.75,2.73,2.73
12,FCM,5.0,10.75,12.3,10.75,12.3,11.67,0.65,"2,571,760.00","493,242.13",0.0,0.0,2.27,1.7,2.73,2.73
13,KCB,5.0,10.5,12.0,10.5,13.2,12.06,1.07,"111,425.60","53,263.00",0.0,-3.55,-3.13,0.63,2.71,2.71
14,SCJ,5.0,12.2,13.9,11.7,13.9,12.42,0.89,"286,563.20","419,865.31",0.0,5.45,5.91,4.18,2.64,2.64
15,BCA,5.0,11.0,12.5,10.6,12.5,11.32,0.78,"319,035.00","115,094.45",0.0,3.36,4.99,4.21,2.59,2.59
16,TGG,5.0,24.9,28.3,24.9,30.4,27.73,2.08,"2,081,120.00","1,325,130.10",0.0,-3.52,-0.18,1.56,2.59,2.59
17,TDN,5.0,19.2,21.6,19.2,24.0,21.82,1.88,"1,139,026.00","657,800.97",0.0,-5.13,-2.35,0.59,2.38,2.38
18,SKG,5.0,20.1,22.6,20.1,22.6,21.02,1.06,"1,308,620.00","868,025.77",0.0,2.29,3.81,2.34,2.37,2.37
19,BFC,5.0,37.55,41.9,36.5,41.9,38.86,2.05,"1,318,860.00","436,965.19",0.0,3.25,2.38,3.51,2.22,2.22
20,CET,5.0,7.8,8.7,7.8,9.3,8.72,0.63,"103,004.40","64,495.52",0.0,-3.28,-2.2,0.58,2.21,2.21
21,DAG,5.0,13.05,14.45,12.7,14.45,13.31,0.72,"1,196,200.00","364,660.58",0.0,3.27,4.4,3.08,2.06,2.06
22,DAH,5.0,12.9,14.2,12.9,14.2,13.71,0.52,"3,041,280.00","948,641.67",0.0,0.35,1.57,0.72,1.94,1.94
23,PC1,5.0,40.35,44.3,40.35,46.5,43.74,2.44,"5,601,800.00","1,284,049.92",0.0,-2.39,-0.7,1.16,1.89,1.89
24,VTD,5.0,23.5,25.8,23.5,25.8,24.68,1.0,"427,355.60","102,928.92",0.0,0.39,2.44,1.3,1.89,1.89
25,ACC,5.0,23.6,25.9,23.3,26.1,24.76,1.28,"390,460.00","225,121.88",0.0,-0.38,1.32,2.68,1.88,1.88
26,VHE,5.0,9.3,10.2,9.1,10.2,9.4,0.46,"888,957.00","816,214.71",0.0,4.73,3.88,2.89,1.86,1.86
27,ONE,5.0,11.0,12.0,11.0,13.0,12.08,0.72,"375,826.00","107,258.57",0.0,-3.92,-0.82,-0.21,1.76,1.76
28,DPG,5.0,73.8,80.5,73.7,80.5,76.78,2.97,"1,459,280.00","424,173.20",0.0,1.92,0.89,2.23,1.75,1.75
29,BTS,5.0,13.4,14.6,13.0,14.6,13.56,0.61,"427,818.20","488,640.97",0.0,4.77,3.94,1.98,1.73,1.73
30,SJF,5.0,14.1,15.35,14.1,16.5,15.29,0.86,"5,481,900.00","1,404,157.10",0.0,-3.55,-0.22,0.49,1.71,1.71
31,KOS,5.0,34.2,37.2,34.2,37.2,35.31,1.36,"444,320.00","36,583.70",0.0,1.23,2.54,2.01,1.7,1.7
32,NRC,5.0,22.9,24.9,22.3,24.9,23.02,1.08,"581,621.40","323,468.28",0.0,4.73,3.74,2.8,1.69,1.69
33,HUT,5.0,34.0,36.9,34.0,36.9,35.6,1.04,"3,408,351.80","799,843.74",0.0,1.95,1.01,0.76,1.65,1.65
34,CDO,5.0,7.3,7.9,6.9,7.9,7.4,0.48,"1,820,134.40","962,984.68",0.0,0.0,4.61,3.07,1.59,1.59
35,DQC,5.0,59.2,64.0,56.3,64.0,59.96,2.76,"564,740.00","160,576.66",0.0,3.11,4.37,1.58,1.57,1.57
36,IDI,5.0,17.95,19.4,17.95,20.85,19.3,1.06,"5,597,880.00","2,125,258.60",0.0,-3.54,-0.17,0.79,1.57,1.57
37,CTR,5.0,86.0,92.8,85.4,92.8,88.54,3.48,"1,011,720.00","653,801.91",0.0,0.54,2.29,2.1,1.53,1.53
38,VNH,5.0,7.6,8.2,7.6,8.2,7.94,0.27,"460,294.00","158,069.05",0.0,0.62,2.12,0.31,1.53,1.53
39,DCM,5.0,43.1,46.5,42.2,46.5,44.24,1.66,"10,552,980.00","2,491,481.30",0.0,1.82,1.44,2.46,1.53,1.53
40,HNE,5.0,12.9,13.9,12.3,13.9,12.8,0.66,"132,722.20","173,890.52",0.0,6.31,3.33,3.1,1.5,1.5
41,PTV,5.0,17.1,18.4,17.1,22.3,19.84,2.24,"276,386.00","107,232.43",0.0,-8.34,-6.21,-1.44,1.48,1.48
42,ELC,5.0,24.3,26.1,24.3,26.1,24.99,0.79,"1,159,160.00","540,953.91",0.0,1.07,2.27,1.49,1.44,1.44
43,VE9,5.0,6.8,7.3,6.8,8.0,7.58,0.52,"403,505.60","319,815.27",0.0,-4.48,-3.01,-1.64,1.43,1.43
44,SHI,5.0,17.05,18.3,16.7,18.3,17.24,0.62,"1,929,600.00","1,397,280.52",0.0,3.3,2.49,2.31,1.43,1.43
45,CNT,5.0,20.5,22.0,20.0,22.9,21.64,1.33,"119,023.20","249,308.17",0.0,-1.77,-1.33,2.41,1.42,1.42
46,SD5,5.0,12.6,13.5,12.0,13.7,12.86,0.72,"432,829.40","447,194.83",0.0,-0.73,2.6,2.99,1.39,1.39
47,KDM,5.0,8.9,9.5,8.9,9.6,9.32,0.27,"243,394.00","179,382.69",0.0,1.07,0.71,-0.26,1.31,1.31
48,SD9,5.0,13.4,14.3,13.0,14.5,13.68,0.68,"696,495.60","217,910.10",0.0,-0.69,2.7,2.41,1.31,1.31
49,VNA,5.0,39.8,42.4,39.8,42.4,41.32,1.21,"598,390.40","251,942.56",0.0,0.84,0.0,1.28,1.27,1.27
50,HOM,5.0,9.3,9.9,8.9,9.9,9.26,0.39,"673,116.60","698,958.84",0.0,3.73,3.61,2.41,1.26,1.26
51,VC2,5.0,55.5,59.1,55.5,59.1,57.1,1.79,"476,545.00","449,838.43",0.0,0.08,1.81,1.4,1.26,1.26
52,BOT,5.0,14.0,14.9,14.0,16.5,15.44,0.99,"1,761,233.60","448,459.74",0.0,-3.2,-3.34,-1.61,1.25,1.25
53,TLG,5.0,44.35,47.2,44.35,47.2,45.79,1.11,"113,580.00","80,305.68",0.0,0.86,1.53,0.7,1.25,1.25
54,EIB,5.0,33.35,35.4,33.15,35.4,34.19,0.95,"595,640.00","335,289.00",0.0,1.59,0.62,1.66,1.2,1.2
55,TTF,5.0,15.65,16.6,15.2,16.6,15.65,0.56,"10,210,700.00","3,985,054.58",0.0,3.32,2.87,2.23,1.19,1.19
56,TEG,5.0,15.0,15.9,15.0,16.1,15.41,0.54,"522,740.00","345,303.51",0.0,-0.62,1.85,1.47,1.17,1.17
57,EVF,5.0,16.8,17.8,16.7,18.05,17.44,0.64,"1,361,900.00","1,063,897.02",0.0,-0.69,-0.09,1.61,1.16,1.16
58,HT1,5.0,22.9,24.25,21.9,24.25,22.8,0.9,"2,787,260.00","3,063,186.91",0.0,3.36,3.46,2.18,1.15,1.15
59,KHP,5.0,17.0,18.0,16.7,18.15,17.37,0.66,"999,360.00","771,186.51",0.0,-0.41,1.92,1.89,1.15,1.15
60,BKG,5.0,11.25,11.9,11.0,11.9,11.3,0.35,"1,143,680.00","1,132,769.59",0.0,3.08,2.66,1.64,1.13,1.13
61,ANV,5.0,39.25,41.5,37.65,41.5,39.68,1.69,"1,303,940.00","478,282.62",0.0,0.18,2.4,2.46,1.12,1.12
62,SD3,5.0,8.8,9.3,8.6,9.3,8.92,0.36,"207,520.80","106,911.34",0.0,0.0,2.64,1.98,1.11,1.11
63,LDP,5.0,44.5,47.0,44.5,48.1,46.52,1.35,"171,836.20","53,008.09",0.0,1.08,0.0,-0.58,1.1,1.1
64,PTB,5.0,107.0,112.9,105.0,112.9,107.2,3.27,"358,400.00","373,770.70",0.0,3.4,2.29,1.83,1.08,1.08
65,BCC,5.0,22.8,24.0,21.4,24.0,22.56,1.01,"1,650,336.40","1,249,360.26",0.0,2.6,3.9,2.43,1.03,1.03
66,VND,5.0,30.91,32.5,29.85,32.5,31.11,1.06,"12,065,260.00","11,992,020.38",0.0,1.02,2.88,1.63,1.01,1.01
67,QTP,5.0,19.0,19.9,18.9,19.9,19.3,0.41,"2,230,411.00","1,795,999.48",0.0,1.02,1.73,0.9,0.93,0.93
68,TV2,5.0,61.0,63.9,61.0,64.7,63.46,1.44,"432,500.00","225,049.02",0.0,-0.23,-0.41,0.16,0.93,0.93
69,SVD,5.0,12.6,13.2,12.4,14.15,13.12,0.68,"617,980.00","259,579.70",0.0,-3.42,-0.13,1.58,0.93,0.93
70,FMC,5.0,59.7,62.5,58.0,62.5,60.24,1.94,"275,220.00","50,318.75",0.0,0.4,1.94,1.89,0.92,0.92
71,BCG,5.0,24.9,26.05,24.85,26.55,25.44,0.8,"10,705,760.00","5,547,563.77",0.0,-0.95,1.58,1.19,0.91,0.91
72,OGC,5.0,12.9,13.5,12.9,13.8,13.39,0.35,"4,884,640.00","1,896,077.10",0.0,-0.18,0.75,-0.55,0.91,0.91
73,VSC,5.0,45.6,47.7,44.6,47.7,46.58,1.41,"1,856,280.00","853,766.38",0.0,0.42,0.0,1.69,0.9,0.9
74,TTA,5.0,15.4,16.1,15.35,16.1,15.53,0.32,"1,081,520.00","497,291.02",0.0,2.08,1.6,1.2,0.89,0.89
75,MSR,5.0,30.9,32.3,30.7,33.5,32.18,1.35,"2,200,031.40","717,875.43",0.0,-1.81,-1.21,1.28,0.89,0.89
76,SDT,5.0,8.9,9.3,8.6,9.6,9.06,0.39,"352,250.80","298,497.00",0.0,-1.57,1.48,1.98,0.88,0.88
77,PPH,5.0,34.7,36.2,34.2,36.8,35.26,1.17,"116,715.20","121,823.96",0.0,-0.82,1.71,1.43,0.85,0.85
78,DRI,5.0,18.9,19.7,18.9,21.5,19.98,0.97,"2,844,622.40","1,145,497.19",0.0,0.25,-2.87,-0.62,0.83,0.83
79,ICT,5.0,20.2,21.05,20.2,21.4,20.95,0.45,"250,600.00","191,388.66",0.0,-0.12,0.08,-0.41,0.83,0.83
80,VHG,5.0,9.9,10.3,9.9,10.6,10.12,0.32,"9,229,006.20","3,753,388.97",0.0,-1.43,1.33,1.0,0.8,0.8
81,GEG,5.0,26.95,28.0,26.95,28.4,27.87,0.54,"2,648,740.00","1,626,675.51",0.0,0.09,-0.47,-0.04,0.77,0.77
82,ITD,5.0,16.55,17.2,16.1,17.2,16.67,0.41,"606,360.00","229,656.08",0.0,0.88,2.23,0.89,0.77,0.77
83,TVC,5.0,22.9,23.8,22.1,23.9,23.04,0.79,"5,368,816.60","2,970,691.72",0.0,-0.21,1.89,1.87,0.77,0.77
84,FID,5.0,7.8,8.1,7.5,8.1,7.74,0.25,"1,106,082.60","582,265.31",0.0,1.9,2.6,1.94,0.76,0.76
85,TNH,5.0,47.95,49.8,47.95,52.9,50.81,2.01,"856,440.00","640,763.38",0.0,-2.51,-1.99,-0.59,0.76,0.76
86,VKC,5.0,13.1,13.6,13.1,14.6,13.56,0.61,"1,341,396.20","606,605.39",0.0,-3.49,0.75,0.75,0.75,0.75
87,DXS,5.0,38.5,39.95,37.15,39.95,38.67,1.26,"1,404,360.00","210,951.79",0.0,0.0,1.86,1.83,0.74,0.74
88,HPP,5.0,77.0,79.8,77.0,80.9,79.54,1.48,"103,095.80","75,355.17",0.0,-0.13,-0.08,-0.34,0.72,0.72
89,EIN,5.0,13.6,14.1,13.6,14.6,14.14,0.36,"106,697.40","33,116.05",0.0,-0.35,-1.15,-0.18,0.72,0.72
90,HVN,5.0,24.9,25.8,24.9,26.2,25.42,0.56,"3,391,720.00","1,206,866.81",0.0,-0.77,1.06,0.59,0.71,0.71
91,VNG,5.0,16.9,17.5,16.9,17.7,17.27,0.32,"282,640.00","75,351.60",0.0,-0.57,0.68,0.58,0.7,0.7
92,LCM,5.0,7.1,7.35,7.1,8.0,7.57,0.36,"655,300.00","321,627.67",0.0,-2.93,-2.79,-0.8,0.69,0.69
93,CVN,5.0,11.4,11.8,11.1,11.8,11.38,0.29,"1,098,927.20","289,083.67",0.0,1.3,2.06,1.54,0.69,0.69
94,SSN,5.0,11.6,12.0,11.6,12.0,11.78,0.2,"214,600.00","154,686.89",0.0,1.71,0.0,0.63,0.68,0.68
95,OCH,5.0,14.4,14.9,14.4,15.8,15.02,0.52,"1,248,381.40","508,233.20",0.0,-0.99,0.22,-1.46,0.68,0.68
96,TNI,5.0,8.71,9.01,8.71,9.24,8.95,0.19,"2,849,740.00","1,308,863.62",0.0,-1.25,0.45,0.31,0.68,0.68
97,VTP,5.0,64.8,67.0,64.8,67.0,65.8,1.12,"171,995.60","59,535.20",0.0,0.0,1.12,0.61,0.67,0.67
98,VCS,5.0,105.8,109.4,104.8,109.4,106.1,1.91,"114,625.20","85,456.33",0.0,2.17,1.44,0.86,0.67,0.67
99,VTO,5.0,15.05,15.55,14.05,15.55,14.98,0.56,"2,012,640.00","538,851.17",0.0,0.98,1.21,2.57,0.66,0.66
100,SD6,5.0,9.0,9.3,8.7,9.7,9.18,0.37,"634,319.20","325,060.64",0.0,-2.08,0.36,1.68,0.66,0.66
101,PSH,5.0,28.35,29.25,27.15,29.3,28.62,0.91,"2,383,680.00","684,136.11",0.0,-0.09,0.23,1.88,0.63,0.63
102,VJC,5.0,134.2,138.5,134.2,140.0,137.74,2.26,"884,700.00","97,068.20",0.0,-0.18,-0.36,0.27,0.63,0.63
103,PRT,5.0,22.7,23.4,22.5,23.4,22.84,0.36,"133,266.00","39,868.34",0.0,0.87,1.17,0.99,0.61,0.61
104,ASM,5.0,17.95,18.5,17.2,18.5,17.86,0.52,"6,803,100.00","4,069,270.44",0.0,0.96,1.87,1.84,0.61,0.61
105,VFS,5.0,16.2,16.7,16.2,16.8,16.48,0.28,"182,192.20","66,581.66",0.0,-0.3,0.4,0.76,0.61,0.61
106,LUT,5.0,9.9,10.2,9.9,10.9,10.54,0.46,"892,117.40","1,345,329.70",0.0,-3.26,-2.19,-1.42,0.6,0.6
107,CSI,5.0,63.9,65.8,63.9,68.4,65.24,1.93,"106,180.40","11,687.34",0.0,-1.92,0.88,0.7,0.59,0.59
108,DPM,5.0,64.5,66.4,62.0,66.4,64.42,1.65,"8,613,320.00","1,990,798.69",0.0,1.94,0.56,1.73,0.58,0.58
109,AAS,5.0,31.4,32.3,31.4,32.7,32.06,0.49,"690,237.00","279,914.16",0.0,-0.61,0.21,0.39,0.57,0.57
110,HIG,5.0,10.5,10.8,10.5,10.8,10.64,0.15,"109,782.40","126,369.49",0.0,0.94,0.0,0.71,0.57,0.57
111,SCL,5.0,20.9,21.5,20.9,22.3,21.4,0.55,"151,633.80","27,683.23",0.0,-1.81,0.63,0.35,0.57,0.57
112,SVN,5.0,7.5,7.7,7.3,7.7,7.46,0.17,"151,344.00","75,274.28",0.0,1.32,1.79,1.34,0.53,0.53
113,BTN,5.0,7.4,7.6,7.0,7.8,7.4,0.32,"246,868.20","216,710.12",0.0,-1.29,2.78,1.36,0.53,0.53
114,TTH,5.0,7.4,7.6,7.2,7.6,7.4,0.16,"1,545,437.00","529,850.09",0.0,0.66,1.82,1.01,0.53,0.53
115,AGG,5.0,47.75,49.0,47.75,49.85,48.91,0.97,"924,160.00","482,529.95",0.0,-0.86,-0.57,0.46,0.52,0.52
116,ILA,5.0,11.8,12.1,11.8,12.5,12.2,0.26,"250,252.00","112,611.91",0.0,-0.82,-0.54,-0.81,0.5,0.5
117,TV3,5.0,24.2,24.8,24.2,25.0,24.62,0.35,"110,215.00","79,261.45",0.0,-0.4,0.0,0.51,0.49,0.49
118,HDC,5.0,98.6,101.0,94.9,101.6,98.22,3.19,"966,340.00","354,758.30",0.0,-0.3,2.06,1.57,0.48,0.48
119,ACV,5.0,89.3,91.4,88.0,91.4,89.58,1.25,"114,539.40","52,207.57",0.0,1.91,0.82,0.39,0.47,0.47
120,FTM,5.0,5.86,6.0,5.86,6.27,6.1,0.17,"1,703,280.00","589,059.33",0.0,-0.99,-1.3,-1.09,0.47,0.47
121,PVO,5.0,17.4,17.8,17.4,21.9,19.38,1.87,"437,327.20","178,929.72",0.0,-6.82,-6.68,-2.0,0.46,0.46
122,VTV,5.0,9.1,9.3,8.8,9.3,9.08,0.18,"290,827.20","154,278.65",0.0,1.09,0.73,1.39,0.44,0.44
123,VEA,5.0,45.1,46.1,45.0,46.9,45.64,0.84,"257,803.20","289,688.79",0.0,-0.86,0.81,0.55,0.44,0.44
124,VNP,5.0,28.2,28.8,27.7,28.8,28.22,0.53,"493,706.40","215,089.22",0.0,0.17,1.31,0.98,0.42,0.42
125,AAT,5.0,14.25,14.55,14.25,14.6,14.49,0.14,"808,800.00","235,938.89",0.0,0.0,-0.11,0.09,0.42,0.42
126,EVS,5.0,38.7,39.5,38.1,39.5,38.86,0.51,"251,358.80","231,995.03",0.0,0.64,0.43,0.91,0.41,0.41
127,VCR,5.0,46.1,47.0,45.8,47.3,46.44,0.67,"155,647.40","36,043.01",0.0,-0.32,0.87,0.54,0.39,0.39
128,C4G,5.0,22.4,22.8,22.4,22.8,22.64,0.15,"4,685,715.60","1,836,139.32",0.0,0.22,0.29,0.11,0.35,0.35
129,STB,5.0,31.5,32.05,30.85,32.05,31.41,0.46,"15,264,760.00","1,839,259.07",0.0,0.79,1.01,0.96,0.35,0.35
130,NED,5.0,11.4,11.6,11.4,11.6,11.44,0.09,"991,895.40","519,677.31",0.0,0.87,0.58,0.44,0.35,0.35
131,HII,5.0,13.96,14.2,13.53,14.2,13.84,0.27,"885,160.00","250,033.47",0.0,2.46,1.34,0.57,0.34,0.34
132,AGM,5.0,60.0,61.0,60.0,61.0,60.54,0.42,"308,300.00","58,096.56",0.0,0.08,0.27,0.29,0.33,0.33
133,DRC,5.0,32.9,33.45,32.9,34.2,33.55,0.46,"1,377,940.00","782,895.51",0.0,-0.22,-0.74,-0.11,0.33,0.33
134,MVC,5.0,12.6,12.8,12.6,13.1,12.86,0.19,"130,886.60","78,517.60",0.0,0.0,-0.52,-0.58,0.32,0.32
135,VNM,5.0,76.8,78.0,75.1,78.0,76.62,1.09,"2,842,440.00","499,395.94",0.0,0.58,1.27,0.62,0.31,0.31
136,NVL,5.0,76.0,77.2,76.0,77.2,76.54,0.55,"3,903,220.00","888,516.66",0.0,0.13,0.3,0.39,0.31,0.31
137,V21,5.0,12.8,13.0,11.9,13.0,12.46,0.52,"151,660.00","115,982.04",0.0,4.52,2.99,0.59,0.31,0.31
138,VGI,5.0,32.5,33.0,32.5,34.2,33.44,0.68,"873,577.40","560,087.03",0.0,-1.77,-0.7,-0.6,0.31,0.31
139,HAH,5.0,92.5,93.9,87.0,94.0,92.08,2.91,"1,504,100.00","546,029.56",0.0,-0.05,0.32,1.93,0.3,0.3
140,BII,5.0,14.9,15.1,13.9,15.6,14.74,0.69,"4,406,069.20","2,565,558.32",0.0,-1.62,2.07,2.09,0.27,0.27
141,DXP,5.0,23.1,23.4,22.4,23.8,23.28,0.56,"486,799.40","257,981.33",0.0,-0.63,-0.56,1.1,0.26,0.26
142,TDH,5.0,11.3,11.45,11.1,11.7,11.39,0.22,"528,520.00","374,982.23",0.0,-1.07,0.15,0.78,0.26,0.26
143,LAS,5.0,23.7,24.0,23.7,24.7,24.0,0.41,"3,147,414.00","857,791.07",0.0,0.63,-0.95,0.1,0.25,0.25
144,HVX,5.0,7.95,8.05,7.65,8.13,7.93,0.18,"232,780.00","137,433.35",0.0,-0.49,1.71,0.57,0.25,0.25
145,PV2,5.0,8.1,8.2,7.8,8.5,8.1,0.27,"755,106.00","406,896.70",0.0,-1.78,1.68,0.94,0.25,0.25
146,VHC,5.0,78.8,79.8,74.0,79.8,77.32,2.88,"1,546,140.00","688,556.94",0.0,0.13,2.36,1.9,0.25,0.25
147,KHB,5.0,8.2,8.3,7.9,8.5,8.18,0.24,"1,696,088.60","363,029.63",0.0,-1.18,1.23,1.24,0.24,0.24
148,BVG,5.0,8.2,8.3,8.0,8.3,8.16,0.15,"508,101.00","96,272.69",0.0,0.0,1.23,0.92,0.24,0.24
149,KDC,5.0,53.8,54.4,53.8,55.0,54.3,0.51,"2,857,680.00","196,330.25",0.0,-0.09,-0.36,0.28,0.22,0.22
150,TCM,5.0,73.0,73.8,69.0,73.8,71.54,1.92,"1,382,980.00","479,184.74",0.0,2.31,2.27,0.83,0.22,0.22
151,CTC,5.0,9.4,9.5,9.4,9.6,9.46,0.09,"434,074.40","154,342.12",0.0,-0.52,0.35,0.26,0.21,0.21
152,SHA,5.0,8.37,8.45,8.19,8.45,8.31,0.11,"231,060.00","149,336.71",0.0,0.6,1.05,0.75,0.19,0.19
153,STH,5.0,10.6,10.7,10.6,10.8,10.68,0.08,"170,800.20","19,921.45",0.0,-0.46,0.31,0.0,0.19,0.19
154,JVC,5.0,10.6,10.7,10.6,11.05,10.88,0.21,"5,558,840.00","2,734,241.20",0.0,-1.6,-1.07,-0.69,0.19,0.19
155,BNA,5.0,43.8,44.2,43.8,44.5,44.12,0.28,"409,954.80","137,383.10",0.0,-0.34,0.0,0.17,0.18,0.18
156,PAS,5.0,24.3,24.5,23.7,24.5,24.16,0.31,"2,069,664.00","632,665.86",0.0,0.41,0.69,0.83,0.16,0.16
157,DID,5.0,13.2,13.3,13.2,14.1,13.58,0.37,"181,432.20","112,420.23",0.0,-2.88,-0.5,-0.92,0.15,0.15
158,LPB,5.0,22.0,22.15,22.0,22.25,22.08,0.12,"7,144,880.00","1,969,841.92",0.0,-0.22,0.23,0.17,0.14,0.14
159,PVC,5.0,29.4,29.6,29.4,34.4,31.5,2.13,"4,059,019.20","1,668,887.91",0.0,-5.0,-4.89,-1.39,0.14,0.14
160,NHH,5.0,30.35,30.55,29.35,30.55,30.0,0.47,"248,380.00","107,105.61",0.0,1.17,1.34,0.54,0.13,0.13
161,VIC,5.0,78.5,79.0,77.9,79.1,78.5,0.55,"3,274,340.00","1,009,176.14",0.0,-0.06,0.43,0.35,0.13,0.13
162,DST,5.0,15.4,15.5,14.8,15.5,15.1,0.33,"1,221,533.80","478,815.09",0.0,1.65,1.55,1.16,0.13,0.13
163,KHG,5.0,18.9,19.0,18.4,19.0,18.71,0.25,"1,831,540.00","414,188.55",0.0,0.8,1.08,0.6,0.11,0.11
164,TTB,5.0,11.25,11.3,11.0,11.3,11.13,0.14,"1,465,440.00","815,451.26",0.0,0.9,0.9,0.67,0.09,0.09
165,AMD,5.0,6.77,6.8,6.77,7.08,6.9,0.13,"7,395,200.00","2,489,326.62",0.0,-1.37,-0.34,-1.0,0.09,0.09
166,DC4,5.0,25.5,25.6,24.9,26.65,25.61,0.64,"334,580.00","86,245.65",0.0,-1.99,0.26,0.7,0.08,0.08
167,PVI,5.0,49.5,49.7,49.0,50.5,49.66,0.54,"186,740.80","53,984.80",0.0,-0.8,0.07,0.36,0.08,0.08
168,CTG,5.0,32.15,32.25,32.0,32.25,32.11,0.1,"6,070,520.00","2,577,854.25",0.0,0.23,0.26,0.16,0.06,0.06
169,HLD,5.0,43.2,43.3,42.3,43.3,42.84,0.42,"108,060.00","38,885.63",0.0,0.58,0.54,0.59,0.05,0.05
170,CTI,5.0,22.65,22.7,22.15,22.7,22.46,0.26,"1,099,940.00","569,307.73",0.0,0.22,0.75,0.62,0.04,0.04
171,KSB,5.0,47.6,47.7,45.0,47.7,46.73,1.09,"2,687,980.00","1,047,919.96",0.0,0.9,0.85,1.47,0.04,0.04
172,FIR,5.0,50.7,50.8,50.5,50.8,50.72,0.13,"282,260.00","16,935.55",0.0,0.3,0.0,0.0,0.04,0.04
173,CSV,5.0,59.9,60.0,58.7,61.7,60.22,1.12,"1,377,240.00","426,386.88",0.0,-0.66,-0.93,0.55,0.03,0.03
174,QBS,5.0,7.46,7.47,7.32,7.47,7.41,0.07,"2,318,700.00","612,694.24",0.0,0.81,0.68,0.1,0.03,0.03
175,SDD,5.0,8.1,8.1,8.0,8.5,8.16,0.19,"1,226,784.20","431,343.94",0.0,-2.38,0.41,0.0,0.0,0.0
176,BHA,5.0,11.0,11.0,10.9,11.2,11.02,0.11,"129,440.00","119,524.53",0.0,0.46,0.0,-0.45,0.0,0.0
177,SDP,5.0,6.7,6.7,6.6,6.9,6.7,0.12,"336,394.20","70,384.72",0.0,-1.46,0.5,0.38,0.0,0.0
178,SGB,5.0,18.2,18.2,18.2,18.2,18.2,0.0,"113,940.00","64,817.00",0.0,0.0,0.0,0.0,0.0,0.0
179,ADS,5.0,33.9,33.9,33.3,33.9,33.68,0.3,"588,240.00","122,016.43",0.0,0.0,0.6,0.37,0.0,0.0
180,ACL,5.0,23.0,23.0,21.4,23.85,22.73,0.91,"320,160.00","91,527.20",0.0,-1.8,0.89,1.82,0.0,0.0
181,GTN,1.0,19.1,19.1,19.1,19.1,19.1,,"1,510,000.00",nan,0.0,,,,,0.0
182,DDV,5.0,32.8,32.8,32.3,33.5,32.98,0.52,"5,446,533.20","1,808,518.88",0.0,0.77,-0.7,-0.53,0.0,0.0
183,SJD,5.0,21.25,21.25,21.05,21.25,21.14,0.1,"265,960.00","112,964.01",0.0,0.47,0.32,0.18,0.0,0.0
184,HSV,5.0,12.9,12.9,12.9,13.6,13.16,0.3,"158,723.40","113,500.57",0.0,-0.77,-1.01,-1.31,0.0,0.0
185,PSI,5.0,17.3,17.3,17.3,18.5,17.76,0.51,"719,595.60","131,785.87",0.0,-3.3,-1.31,-0.57,0.0,0.0
186,MTG,5.0,11.4,11.4,10.7,12.5,11.64,0.72,"169,203.20","64,685.60",0.0,-3.33,-3.02,1.6,0.0,0.0
187,SRA,5.0,11.5,11.5,11.4,11.8,11.52,0.16,"1,362,691.80","727,348.84",0.0,-1.28,0.29,0.22,0.0,0.0
188,SHB,5.0,21.05,21.05,20.95,21.05,21.02,0.04,"9,948,640.00","3,024,983.38",0.0,0.0,0.08,0.12,0.0,0.0
189,KPF,5.0,16.95,16.95,16.9,17.1,17.0,0.09,"336,320.00","51,457.91",0.0,-0.44,0.1,-0.22,0.0,0.0
190,TCD,5.0,24.8,24.8,24.15,25.8,24.79,0.63,"2,018,540.00","819,497.17",0.0,-1.96,0.89,0.41,0.0,0.0
191,OCB,5.0,26.05,26.0,25.75,26.05,25.91,0.12,"2,041,920.00","868,666.93",0.0,0.29,0.32,0.1,-0.04,-0.04
192,DGW,5.0,119.3,119.0,118.0,120.4,119.08,0.88,"523,840.00","135,604.09",0.0,-0.58,0.28,0.06,-0.05,-0.05
193,DDG,5.0,36.1,36.0,35.8,36.1,35.98,0.13,"261,363.40","193,904.01",0.0,-0.14,0.19,0.07,-0.06,-0.06
194,HDB,5.0,27.4,27.3,26.95,27.4,27.2,0.21,"4,614,540.00","1,498,019.85",0.0,0.65,0.37,-0.05,-0.07,-0.07
195,CIG,5.0,12.7,12.65,12.45,12.8,12.62,0.14,"988,480.00","434,083.08",0.0,-0.59,0.53,0.3,-0.08,-0.08
196,UDC,5.0,12.5,12.45,12.3,12.5,12.41,0.1,"166,020.00","89,242.04",0.0,-0.2,0.4,0.3,-0.08,-0.08
197,DHM,5.0,12.75,12.7,12.7,13.1,12.83,0.17,"691,440.00","290,091.23",0.0,0.0,-0.52,-0.77,-0.08,-0.08
198,SAB,5.0,154.6,154.0,154.0,157.0,155.24,1.14,"167,740.00","72,466.88",0.0,-0.96,-0.22,-0.26,-0.08,-0.08
199,VID,5.0,11.3,11.25,11.15,11.3,11.26,0.07,"118,160.00","66,666.62",0.0,-0.22,-0.15,0.22,-0.09,-0.09
200,PPC,5.0,22.2,22.1,22.1,22.2,22.14,0.04,"171,120.00","59,814.69",0.0,-0.11,-0.08,0.0,-0.09,-0.09
201,BMI,5.0,40.1,39.9,39.85,40.65,40.16,0.33,"652,960.00","249,154.21",0.0,-0.93,-0.33,0.03,-0.1,-0.1
202,GMD,5.0,56.0,55.7,52.6,56.2,55.1,1.47,"4,517,200.00","1,267,045.45",0.0,0.63,-0.3,1.44,-0.11,-0.11
203,BCE,5.0,16.9,16.8,16.4,17.45,16.86,0.38,"789,560.00","221,067.17",0.0,-1.88,0.1,0.6,-0.12,-0.12
204,MST,5.0,16.8,16.7,16.7,16.9,16.82,0.08,"282,683.20","74,295.08",0.0,-0.59,-0.4,-0.15,-0.12,-0.12
205,FPT,5.0,93.8,93.2,93.2,95.5,94.38,0.9,"1,609,440.00","643,192.31",0.0,-0.74,-0.81,-0.42,-0.13,-0.13
206,VAB,5.0,14.4,14.3,14.3,14.4,14.34,0.05,"455,733.00","157,537.10",0.0,-0.35,0.0,0.0,-0.14,-0.14
207,TCB,5.0,49.25,48.9,48.9,49.25,49.1,0.15,"6,931,260.00","1,696,963.67",0.0,-0.36,-0.14,-0.05,-0.14,-0.14
208,HAG,5.0,12.5,12.4,11.7,12.5,12.14,0.33,"24,735,520.00","6,341,841.59",0.0,1.02,1.24,1.46,-0.16,-0.16
209,HPX,5.0,30.85,30.6,30.6,30.85,30.76,0.11,"463,500.00","156,238.76",0.0,-0.41,-0.11,-0.16,-0.16,-0.16
210,SSB,5.0,37.8,37.5,37.5,37.8,37.6,0.14,"1,875,760.00","156,808.78",0.0,0.0,0.0,-0.13,-0.16,-0.16
211,TIG,5.0,25.8,25.6,25.6,26.7,26.16,0.45,"626,957.20","198,318.77",0.0,-1.34,-1.02,-1.05,-0.16,-0.16
212,NKG,5.0,50.4,49.95,49.1,51.2,50.37,0.89,"13,312,900.00","2,349,418.88",0.0,-1.23,-0.82,0.43,-0.18,-0.18
213,MWG,5.0,134.2,133.0,133.0,134.2,133.74,0.51,"1,165,260.00","508,528.45",0.0,-0.19,-0.2,-0.22,-0.18,-0.18
214,TPB,5.0,39.0,38.65,38.65,39.0,38.85,0.15,"4,460,800.00","3,318,732.27",0.0,-0.45,-0.13,-0.1,-0.18,-0.18
215,SPI,5.0,11.1,11.0,10.9,11.1,11.0,0.07,"136,865.40","63,927.11",0.0,0.0,0.3,0.0,-0.18,-0.18
216,BID,5.0,42.25,41.85,40.5,42.25,41.43,0.7,"1,972,440.00","467,965.12",0.0,1.09,1.1,0.15,-0.19,-0.19
217,VCI,5.0,62.6,62.0,62.0,63.4,62.74,0.54,"3,526,140.00","1,077,332.49",0.0,-0.88,-0.74,-0.24,-0.19,-0.19
218,BSI,5.0,42.7,42.3,40.0,42.7,41.29,1.21,"1,184,720.00","405,587.37",0.0,1.26,1.88,1.28,-0.19,-0.19
219,DGC,5.0,189.9,188.1,182.0,189.9,187.2,3.1,"2,773,800.00","975,143.82",0.0,0.29,-0.16,0.83,-0.19,-0.19
220,FRT,5.0,130.0,128.7,119.9,130.0,125.54,4.75,"1,228,880.00","609,737.84",0.0,0.19,2.39,1.58,-0.2,-0.2
221,SSH,5.0,101.4,100.4,100.4,103.4,101.46,1.21,"441,526.00","61,518.54",0.0,-1.46,-0.4,-0.02,-0.2,-0.2
222,MSB,5.0,25.6,25.35,25.0,25.6,25.3,0.23,"3,985,860.00","1,642,598.42",0.0,-0.1,0.46,0.2,-0.2,-0.2
223,LSS,5.0,15.35,15.2,15.2,15.6,15.44,0.16,"1,567,540.00","694,440.77",0.0,-1.13,-0.86,-0.49,-0.2,-0.2
224,CLX,5.0,27.2,26.9,26.9,27.2,27.0,0.12,"190,241.20","35,190.13",0.0,0.0,-0.12,-0.09,-0.22,-0.22
225,LTG,5.0,43.2,42.7,42.0,43.2,42.42,0.52,"1,253,805.20","320,630.27",0.0,0.59,0.55,0.41,-0.23,-0.23
226,PVD,5.0,37.55,37.1,37.1,39.95,38.22,1.15,"14,191,060.00","4,306,514.41",0.0,-2.22,-2.44,-0.4,-0.24,-0.24
227,C69,5.0,16.3,16.1,15.8,16.5,16.14,0.27,"444,757.00","137,609.38",0.0,-1.22,0.21,0.47,-0.25,-0.25
228,IBC,5.0,20.25,20.0,20.0,20.25,20.05,0.11,"307,440.00","378,773.45",0.0,0.0,0.0,0.0,-0.25,-0.25
229,LPT,5.0,15.8,15.6,15.4,16.4,15.76,0.38,"228,522.00","83,031.94",0.0,-2.47,0.0,0.32,-0.25,-0.25
230,VCB,5.0,84.9,83.8,81.5,84.9,83.34,1.24,"1,458,920.00","842,784.94",0.0,0.18,0.32,0.7,-0.26,-0.26
231,SCR,5.0,21.95,21.65,20.55,21.95,21.4,0.53,"9,371,080.00","3,094,409.73",0.0,0.23,0.54,1.31,-0.27,-0.27
232,IVS,5.0,14.9,14.7,14.7,15.0,14.86,0.11,"125,461.80","52,799.36",0.0,-1.01,-0.23,-0.34,-0.27,-0.27
233,THD,5.0,173.5,171.1,171.1,173.5,171.88,0.99,"408,260.40","25,100.19",0.0,-0.29,-0.08,-0.01,-0.28,-0.28
234,MPC,5.0,43.1,42.5,41.2,43.1,42.18,0.77,"209,684.00","151,741.92",0.0,0.0,1.04,0.54,-0.28,-0.28
235,AAA,5.0,18.05,17.8,17.55,18.05,17.76,0.19,"5,698,140.00","1,951,989.60",0.0,0.28,0.47,0.14,-0.28,-0.28
236,HHV,5.0,23.65,23.3,23.15,23.65,23.31,0.2,"4,009,940.00","880,603.50",0.0,0.22,0.22,0.05,-0.3,-0.3
237,SMT,5.0,25.9,25.5,25.5,28.2,26.66,1.42,"266,885.80","83,276.98",0.0,0.0,-3.3,-2.48,-0.31,-0.31
238,AMV,5.0,12.9,12.7,12.7,13.3,13.02,0.24,"2,047,206.40","950,563.24",0.0,-1.91,-0.78,-1.15,-0.31,-0.31
239,C32,5.0,32.3,31.8,31.1,32.3,31.56,0.51,"252,420.00","139,804.91",0.0,0.48,0.74,0.56,-0.31,-0.31
240,VIP,5.0,13.0,12.8,12.1,13.0,12.73,0.36,"1,766,980.00","257,901.94",0.0,-0.19,-0.26,1.42,-0.31,-0.31
241,VHM,5.0,76.2,75.0,74.0,76.2,75.0,0.81,"5,689,680.00","1,923,298.96",0.0,-0.13,0.45,0.13,-0.32,-0.32
242,ACB,5.0,33.25,32.7,32.6,33.25,32.83,0.26,"4,200,600.00","1,973,759.72",0.0,-0.3,0.0,0.08,-0.33,-0.33
243,DL1,5.0,12.2,12.0,11.5,12.2,11.86,0.26,"1,635,972.40","358,390.79",0.0,0.84,1.43,0.42,-0.33,-0.33
244,HVH,5.0,11.4,11.2,10.85,11.4,11.1,0.23,"442,940.00","307,175.78",0.0,1.37,1.06,0.11,-0.35,-0.35
245,FUEVFVND,5.0,28.5,28.0,28.0,28.5,28.3,0.22,"3,424,840.00","5,139,350.53",0.0,-0.79,-0.47,-0.13,-0.35,-0.35
246,FUESSVFL,5.0,22.39,22.0,21.95,22.39,22.06,0.19,"115,480.00","107,314.50",0.0,0.05,0.08,0.02,-0.35,-0.35
247,DGT,5.0,33.8,33.2,33.2,33.8,33.4,0.28,"156,460.00","28,188.44",0.0,-0.6,0.0,0.0,-0.36,-0.36
248,TNA,5.0,16.65,16.35,16.35,16.8,16.57,0.18,"352,340.00","120,194.02",0.0,-1.35,-0.2,-0.38,-0.36,-0.36
249,HHS,5.0,11.25,11.05,11.05,11.3,11.2,0.09,"7,022,760.00","3,187,320.99",0.0,-0.67,-0.45,-0.56,-0.36,-0.36
250,HCD,5.0,14.0,13.75,13.5,14.0,13.7,0.2,"886,380.00","205,738.95",0.0,0.92,0.49,0.09,-0.36,-0.36
251,CKG,5.0,30.15,29.6,28.35,30.15,29.18,0.7,"1,044,260.00","335,979.56",0.0,1.38,1.45,0.51,-0.37,-0.37
252,VPI,5.0,64.1,62.9,62.9,64.1,63.56,0.45,"1,327,700.00","156,108.42",0.0,-0.55,-0.47,-0.2,-0.38,-0.38
253,MIG,5.0,24.15,23.7,23.4,24.15,23.8,0.28,"365,800.00","52,559.30",0.0,-0.52,-0.14,0.32,-0.38,-0.38
254,CRC,5.0,10.7,10.5,10.5,10.7,10.59,0.1,"293,320.00","137,224.37",0.0,-0.24,0.0,-0.47,-0.38,-0.38
255,DVN,5.0,26.1,25.6,25.6,26.6,26.22,0.41,"680,924.80","373,420.97",0.0,-1.9,-0.77,-0.95,-0.39,-0.39
256,FUEMAV30,5.0,17.7,17.36,17.36,17.7,17.53,0.12,"102,020.00","187,714.07",0.0,-0.63,-0.32,-0.2,-0.39,-0.39
257,DPR,5.0,77.6,76.1,76.1,80.0,78.64,1.73,"579,780.00","368,583.57",0.0,-2.16,-1.65,-1.24,-0.39,-0.39
258,CTF,5.0,22.45,22.0,22.0,22.5,22.19,0.26,"541,560.00","15,449.69",0.0,0.0,0.0,-0.56,-0.4,-0.4
259,NAB,5.0,20.0,19.6,19.6,20.0,19.76,0.15,"212,456.00","47,055.35",0.0,-0.51,-0.17,-0.13,-0.4,-0.4
260,G36,5.0,20.0,19.6,19.4,20.0,19.72,0.23,"1,638,544.60","526,832.11",0.0,-0.51,0.34,-0.25,-0.4,-0.4
261,PSW,5.0,24.3,23.8,23.8,25.8,24.54,0.76,"389,320.40","131,501.21",0.0,-1.64,-2.65,-0.42,-0.41,-0.41
262,PDR,5.0,89.5,87.7,87.1,89.5,88.08,0.88,"3,284,240.00","170,587.96",0.0,-0.23,-0.11,0.17,-0.41,-0.41
263,VPG,5.0,62.5,61.2,61.2,62.5,61.56,0.54,"788,080.00","370,076.69",0.0,-0.16,-0.16,0.0,-0.42,-0.42
264,PLP,5.0,16.55,16.2,16.2,16.8,16.62,0.26,"1,130,600.00","426,491.04",0.0,-1.66,-1.2,-0.91,-0.43,-0.43
265,LMH,5.0,9.2,9.0,8.9,9.2,9.02,0.11,"1,180,487.40","720,131.59",0.0,0.0,0.37,0.0,-0.44,-0.44
266,REE,5.0,73.8,72.2,71.1,73.8,72.26,1.01,"728,460.00","310,928.36",0.0,0.35,0.51,-0.1,-0.44,-0.44
267,CMX,5.0,20.2,19.75,18.75,20.2,19.58,0.61,"1,916,120.00","282,281.02",0.0,-0.75,1.75,0.77,-0.45,-0.45
268,DCL,5.0,37.0,36.15,36.15,38.0,37.02,0.75,"118,520.00","64,465.51",0.0,-1.82,-1.65,-0.21,-0.46,-0.46
269,TDT,5.0,13.2,12.9,12.7,13.2,12.88,0.19,"297,850.80","116,282.65",0.0,0.39,0.52,0.19,-0.46,-0.46
270,MBB,5.0,32.2,31.45,30.75,32.2,31.29,0.57,"18,355,420.00","6,686,236.50",0.0,0.64,0.75,0.36,-0.47,-0.47
271,ADG,5.0,51.8,50.6,50.6,52.2,51.64,0.61,"190,660.00","37,071.32",0.0,-1.54,-0.71,-0.63,-0.47,-0.47
272,E1VFVN30,5.0,25.6,24.99,24.99,25.6,25.21,0.25,"1,664,040.00","1,366,059.71",0.0,-0.32,-0.01,-0.31,-0.48,-0.48
273,GIL,5.0,82.8,80.8,75.9,82.8,79.54,2.91,"660,800.00","277,593.98",0.0,-0.19,2.11,1.18,-0.49,-0.49
274,KSQ,5.0,8.1,7.9,7.6,8.1,7.88,0.23,"800,780.20","297,634.95",0.0,-1.24,0.86,0.97,-0.5,-0.5
275,DBT,5.0,15.75,15.35,15.35,15.75,15.51,0.16,"120,780.00","73,705.71",0.0,-0.65,-0.32,-0.08,-0.51,-0.51
276,HAP,5.0,13.7,13.35,13.3,13.7,13.42,0.16,"670,640.00","206,925.50",0.0,0.0,-0.12,0.09,-0.52,-0.52
277,ORS,5.0,26.3,25.6,25.6,26.3,25.96,0.25,"1,123,980.00","401,728.11",0.0,-0.77,-0.39,-0.39,-0.54,-0.54
278,VIB,5.0,44.9,43.7,43.7,44.9,44.42,0.44,"1,551,580.00","528,001.59",0.0,-0.79,-0.6,-0.51,-0.54,-0.54
279,HHP,5.0,13.0,12.65,12.65,13.0,12.83,0.15,"326,340.00","118,814.01",0.0,-0.97,-0.65,-0.1,-0.54,-0.54
280,VC3,5.0,54.4,52.9,52.9,54.4,53.64,0.7,"209,008.00","136,380.72",0.0,-1.3,-0.06,-0.33,-0.56,-0.56
281,TTZ,5.0,7.2,7.0,6.9,7.2,7.04,0.11,"241,995.80","147,946.53",0.0,0.0,0.48,-0.35,-0.56,-0.56
282,PVG,5.0,18.0,17.5,17.5,19.2,18.14,0.72,"1,638,468.00","520,138.78",0.0,-2.74,-3.04,0.0,-0.56,-0.56
283,VIX,5.0,23.05,22.4,22.4,23.05,22.8,0.24,"3,746,560.00","991,895.66",0.0,-1.1,-0.66,-0.44,-0.57,-0.57
284,VOS,5.0,22.6,21.95,21.05,22.6,22.02,0.62,"4,968,360.00","2,952,153.11",0.0,-0.11,-0.82,1.05,-0.58,-0.58
285,D2D,5.0,61.8,60.0,60.0,61.8,60.8,0.7,"157,720.00","66,809.93",0.0,-0.74,-0.17,-0.41,-0.59,-0.59
286,NAF,5.0,22.45,21.8,21.8,22.45,22.16,0.26,"246,820.00","33,108.11",0.0,-1.13,-0.3,-0.51,-0.59,-0.59
287,ABS,5.0,26.8,26.0,25.85,26.8,26.27,0.44,"1,883,940.00","576,540.20",0.0,0.29,-0.88,0.0,-0.6,-0.6
288,ABB,5.0,16.5,16.0,16.0,16.5,16.26,0.18,"1,486,521.00","428,416.44",0.0,-0.92,-0.41,-0.46,-0.61,-0.61
289,BVB,5.0,20.0,19.4,19.4,20.0,19.68,0.27,"2,144,490.40","1,073,807.73",0.0,-1.02,0.0,-0.51,-0.61,-0.61
290,SGT,5.0,30.1,29.2,29.2,30.1,29.65,0.32,"129,800.00","79,338.77",0.0,-0.85,-0.45,-0.38,-0.61,-0.61
291,VNB,5.0,20.0,19.4,19.3,20.0,19.6,0.27,"212,236.20","69,988.28",0.0,-0.76,0.17,-0.26,-0.61,-0.61
292,CCL,5.0,16.4,15.9,15.9,16.4,16.23,0.2,"745,820.00","189,646.45",0.0,-1.54,-0.72,-0.47,-0.62,-0.62
293,HBS,5.0,13.1,12.7,12.6,13.1,12.8,0.19,"132,636.00","51,515.25",0.0,-0.39,0.26,-0.2,-0.62,-0.62
294,S99,5.0,19.6,19.0,19.0,19.6,19.24,0.25,"425,257.20","86,457.98",0.0,-0.78,0.0,-0.39,-0.62,-0.62
295,SFG,5.0,23.0,22.3,22.0,23.0,22.63,0.45,"263,540.00","203,175.28",0.0,0.68,-0.95,-0.66,-0.62,-0.62
296,TLD,5.0,11.3,10.95,10.9,11.3,11.03,0.16,"559,980.00","66,940.51",0.0,0.0,0.15,-0.23,-0.63,-0.63
297,TVS,5.0,48.4,46.9,46.9,48.4,47.7,0.6,"190,980.00","62,551.23",0.0,-1.15,-0.28,-0.53,-0.63,-0.63
298,KMR,5.0,8.92,8.64,8.39,8.92,8.68,0.2,"400,680.00","112,050.40",0.0,-1.03,0.98,0.0,-0.64,-0.64
299,TDM,5.0,38.0,36.8,36.8,38.0,37.49,0.51,"794,180.00","368,623.71",0.0,-0.74,-0.45,-0.8,-0.64,-0.64
300,DS3,5.0,9.5,9.2,9.2,10.2,9.7,0.47,"290,993.60","195,331.74",0.0,-1.07,-3.38,-2.55,-0.64,-0.64
301,SMC,5.0,43.0,41.65,41.0,43.0,41.95,0.73,"355,640.00","77,021.96",0.0,-0.54,-0.28,0.39,-0.64,-0.64
302,NTP,5.0,62.1,60.1,60.1,62.1,61.36,0.75,"161,134.00","95,192.71",0.0,-1.14,-0.76,-0.61,-0.65,-0.65
303,VRE,5.0,32.9,31.85,31.6,32.9,32.17,0.52,"8,008,280.00","4,349,465.69",0.0,-0.23,0.26,-0.5,-0.65,-0.65
304,BMC,5.0,31.0,30.0,30.0,31.5,30.82,0.58,"346,500.00","127,433.49",0.0,-2.41,-1.19,-0.41,-0.65,-0.65
305,BVH,5.0,58.9,57.0,56.4,58.9,57.62,1.02,"932,780.00","491,639.47",0.0,-0.35,0.35,-0.6,-0.65,-0.65
306,NLG,5.0,54.9,53.1,53.1,54.9,53.88,0.69,"5,579,000.00","2,335,094.84",0.0,-1.02,-0.37,-0.19,-0.66,-0.66
307,PNJ,5.0,108.0,104.5,104.5,110.5,107.46,2.3,"1,838,600.00","846,831.13",0.0,-1.77,-1.84,-0.36,-0.66,-0.66
308,NAG,5.0,15.3,14.8,14.8,15.3,15.16,0.22,"151,544.20","35,494.27",0.0,-1.0,-1.1,-0.83,-0.66,-0.66
309,IJC,5.0,30.0,29.0,29.0,30.0,29.22,0.44,"2,144,140.00","583,576.81",0.0,0.0,0.0,-0.09,-0.68,-0.68
310,DXG,5.0,42.0,40.6,38.85,42.0,40.31,1.14,"11,096,680.00","3,201,771.48",0.0,0.62,1.48,0.37,-0.68,-0.68
311,HMC,5.0,28.45,27.5,27.5,28.45,27.9,0.36,"144,560.00","58,555.77",0.0,-0.45,-0.36,-0.45,-0.68,-0.68
312,PHC,5.0,14.65,14.15,14.15,14.65,14.37,0.2,"517,460.00","131,541.98",0.0,-1.04,-0.12,-0.44,-0.69,-0.69
313,DTD,5.0,44.0,42.5,42.5,44.0,43.26,0.59,"189,862.20","46,016.90",0.0,-0.7,-0.39,-0.69,-0.69,-0.69
314,DLG,5.0,7.77,7.5,7.41,7.77,7.54,0.14,"7,180,980.00","2,602,941.35",0.0,0.2,0.4,-0.1,-0.7,-0.7
315,QNS,5.0,49.5,47.8,47.4,49.5,48.26,0.82,"709,348.40","259,986.15",0.0,0.42,-0.14,-0.41,-0.7,-0.7
316,VPB,5.0,37.7,36.4,36.4,37.7,36.94,0.48,"14,221,220.00","3,594,497.38",0.0,-0.48,-0.41,-0.41,-0.7,-0.7
317,EVE,5.0,17.4,16.8,16.8,17.4,17.0,0.24,"146,980.00","79,816.68",0.0,-0.59,-0.1,-0.22,-0.7,-0.7
318,HAX,5.0,35.5,34.25,33.6,35.95,34.86,0.95,"1,208,160.00","314,177.93",0.0,-1.08,-1.6,0.48,-0.71,-0.71
319,HID,5.0,11.4,11.0,10.85,11.4,11.06,0.22,"1,155,540.00","224,490.07",0.0,-0.67,0.46,0.23,-0.71,-0.71
320,LCG,5.0,19.9,19.2,19.2,19.9,19.41,0.3,"5,140,220.00","1,202,276.21",0.0,-0.13,0.0,-0.39,-0.71,-0.71
321,TCO,5.0,22.9,22.1,22.0,23.3,22.65,0.57,"1,019,180.00","350,193.62",0.0,-1.87,-1.75,0.11,-0.71,-0.71
322,PLC,5.0,48.7,47.0,45.6,48.7,46.64,1.27,"779,013.80","220,912.60",0.0,1.3,0.65,0.76,-0.71,-0.71
323,VOC,5.0,28.7,27.7,27.7,28.7,28.1,0.37,"148,921.60","38,923.29",0.0,-0.36,-0.48,-0.36,-0.71,-0.71
324,TCL,5.0,43.5,41.95,41.6,43.5,42.41,0.8,"176,360.00","67,651.48",0.0,-0.06,-0.82,0.21,-0.72,-0.72
325,ART,5.0,11.2,10.8,10.8,11.2,11.04,0.15,"3,580,110.20","1,286,372.21",0.0,-1.36,-0.61,-0.68,-0.72,-0.72
326,LGL,5.0,11.3,10.9,10.9,11.3,11.05,0.17,"363,640.00","66,437.66",0.0,-1.13,0.0,-0.23,-0.72,-0.72
327,HAI,5.0,6.7,6.46,6.46,6.7,6.57,0.11,"5,133,600.00","1,715,138.66",0.0,-0.31,-0.26,-0.76,-0.73,-0.73
328,VNE,5.0,19.0,18.3,18.2,19.0,18.55,0.35,"1,419,020.00","339,783.77",0.0,-1.47,0.18,-0.14,-0.75,-0.75
329,AFX,5.0,16.2,15.6,15.6,16.2,15.82,0.25,"226,526.00","144,889.74",0.0,0.0,-0.42,-0.48,-0.75,-0.75
330,AGR,5.0,21.5,20.7,20.7,21.5,21.19,0.3,"1,148,940.00","360,682.85",0.0,-1.42,-0.79,-0.65,-0.76,-0.76
331,GKM,5.0,53.0,51.0,50.0,53.0,51.28,1.14,"363,258.60","113,637.98",0.0,0.3,0.66,-0.34,-0.77,-0.77
332,HSL,5.0,10.55,10.15,10.15,10.55,10.31,0.17,"278,820.00","113,998.74",0.0,-0.97,-0.65,0.0,-0.77,-0.77
333,SSI,5.0,46.8,45.0,45.0,47.0,46.4,0.8,"14,703,760.00","6,138,455.42",0.0,-1.73,-1.16,-1.08,-0.78,-0.78
334,NTL,5.0,38.0,36.5,36.5,38.0,37.41,0.56,"776,500.00","352,373.91",0.0,-1.6,-0.9,-0.57,-0.8,-0.8
335,HDG,5.0,72.4,69.5,67.5,72.4,69.6,1.79,"1,475,780.00","582,274.94",0.0,-0.14,0.29,0.73,-0.81,-0.81
336,PTL,5.0,15.1,14.5,14.3,15.1,14.59,0.34,"820,500.00","139,740.89",0.0,-0.85,0.46,0.35,-0.81,-0.81
337,IPA,5.0,54.7,52.5,52.5,54.7,53.3,1.0,"730,867.80","238,984.07",0.0,-1.4,0.0,-0.14,-0.82,-0.82
338,VIG,5.0,14.5,13.9,13.9,14.5,14.14,0.23,"748,647.60","230,499.80",0.0,-0.71,-0.24,-0.53,-0.84,-0.84
339,PSE,5.0,24.3,23.3,23.0,24.3,23.6,0.57,"145,464.00","36,102.38",0.0,0.0,-1.12,0.32,-0.84,-0.84
340,LHG,5.0,52.8,50.6,50.6,52.8,51.18,0.95,"336,100.00","122,405.62",0.0,-0.68,0.0,0.0,-0.85,-0.85
341,APH,5.0,26.35,25.25,25.25,26.35,25.9,0.44,"4,200,660.00","644,477.53",0.0,-0.88,-0.91,-0.97,-0.85,-0.85
342,AMS,5.0,13.9,13.3,13.3,13.9,13.6,0.22,"177,999.20","45,525.30",0.0,-0.74,-0.74,-0.74,-0.88,-0.88
343,PWA,5.0,13.7,13.1,13.1,13.7,13.34,0.23,"120,740.80","83,459.42",0.0,-0.75,-0.25,-0.56,-0.89,-0.89
344,TVB,5.0,23.0,22.0,21.55,23.0,22.24,0.55,"1,052,680.00","304,483.34",0.0,-1.23,0.69,-0.11,-0.89,-0.89
345,TNS,5.0,13.6,13.0,12.9,13.6,13.24,0.29,"348,726.40","105,079.02",0.0,-1.13,-1.01,0.19,-0.9,-0.9
346,ROS,5.0,8.63,8.25,8.25,8.63,8.37,0.15,"14,806,980.00","5,876,866.60",0.0,-0.3,-0.24,-0.39,-0.9,-0.9
347,KLF,5.0,6.8,6.5,6.5,6.8,6.58,0.13,"7,723,822.40","3,946,504.49",0.0,0.0,0.0,-0.38,-0.9,-0.9
348,VCG,5.0,45.1,43.1,43.1,45.1,43.66,0.84,"4,544,320.00","1,705,503.76",0.0,-0.17,-0.04,-0.35,-0.9,-0.9
349,PVS,5.0,38.6,36.9,36.9,39.4,38.22,0.91,"16,428,711.40","3,332,951.75",0.0,-1.72,-2.16,-0.73,-0.9,-0.9
350,NT2,5.0,23.6,22.55,22.55,23.6,22.97,0.39,"790,720.00","353,059.67",0.0,-0.55,-0.51,-0.49,-0.91,-0.91
351,HCM,5.0,37.9,36.2,36.2,37.9,37.24,0.66,"4,769,020.00","1,249,771.99",0.0,-1.49,-0.82,-1.01,-0.91,-0.91
352,MBG,5.0,15.5,14.8,14.8,15.5,15.1,0.26,"2,381,559.80","291,840.11",0.0,-0.67,-0.45,-0.66,-0.92,-0.92
353,BVS,5.0,40.0,38.2,38.2,40.0,39.32,0.78,"562,497.60","175,911.23",0.0,-2.03,-0.52,-1.02,-0.92,-0.92
354,SCG,5.0,90.5,86.4,86.0,90.5,87.94,1.84,"355,198.00","43,836.40",0.0,-0.86,0.15,-0.71,-0.92,-0.92
355,YEG,5.0,28.65,27.35,26.65,28.65,27.83,0.83,"645,140.00","419,106.75",0.0,-1.17,-1.36,0.65,-0.92,-0.92
356,HBC,5.0,27.4,26.15,26.0,27.4,26.45,0.6,"5,173,500.00","751,720.85",0.0,0.29,0.19,-0.52,-0.93,-0.93
357,NDN,5.0,18.35,17.5,17.5,18.35,17.95,0.3,"1,801,812.80","305,001.25",0.0,-1.12,-0.92,-0.69,-0.94,-0.94
358,SBS,5.0,15.0,14.3,14.3,15.0,14.6,0.27,"3,473,609.20","1,196,637.51",0.0,-1.03,-0.23,-0.69,-0.95,-0.95
359,CEN,5.0,17.2,16.4,16.3,17.2,16.6,0.39,"550,520.80","97,011.09",0.0,0.31,0.2,-0.6,-0.95,-0.95
360,FCN,5.0,25.4,24.2,23.65,25.4,24.35,0.64,"3,545,360.00","927,476.45",0.0,-0.21,0.77,0.0,-0.96,-0.96
361,FLC,5.0,13.2,12.55,12.55,13.2,12.89,0.25,"21,434,320.00","6,005,610.19",0.0,-1.56,-0.53,-0.88,-1.0,-1.0
362,BWE,5.0,50.0,47.55,47.55,50.0,48.78,0.97,"397,540.00","68,080.56",0.0,-1.49,-0.38,-0.87,-1.0,-1.0
363,DVG,5.0,14.2,13.5,13.5,14.2,13.88,0.26,"1,445,216.40","485,166.26",0.0,-1.8,-0.97,-0.55,-1.01,-1.01
364,APG,5.0,18.0,17.1,17.1,18.0,17.63,0.34,"6,111,820.00","4,075,428.76",0.0,-1.71,-0.86,-1.0,-1.02,-1.02
365,SGP,5.0,39.6,37.6,37.5,39.6,38.54,1.0,"554,840.00","249,752.83",0.0,-1.18,-1.63,0.07,-1.03,-1.03
366,HD6,5.0,43.6,41.4,40.9,43.6,41.98,1.03,"176,051.80","97,137.95",0.0,-0.48,0.41,-0.48,-1.03,-1.03
367,CRE,5.0,38.4,36.45,36.1,38.4,36.83,0.94,"862,680.00","226,033.31",0.0,0.34,0.32,-0.37,-1.04,-1.04
368,HTN,5.0,46.25,43.9,43.9,46.25,45.06,0.85,"338,180.00","56,649.20",0.0,-1.23,-0.71,-0.78,-1.04,-1.04
369,KBC,5.0,54.6,51.8,51.8,54.6,52.82,1.11,"8,769,560.00","5,072,912.58",0.0,-0.86,-0.76,-0.1,-1.05,-1.05
370,KDH,5.0,53.8,51.0,51.0,53.8,51.92,1.13,"1,297,220.00","403,800.41",0.0,-0.49,-0.13,-0.53,-1.06,-1.06
371,ITC,5.0,19.1,18.1,18.1,19.1,18.48,0.39,"786,940.00","491,490.33",0.0,-1.09,-0.18,-0.54,-1.07,-1.07
372,C47,5.0,21.1,20.0,20.0,21.1,20.45,0.41,"469,380.00","120,328.23",0.0,-0.99,-0.41,-0.62,-1.07,-1.07
373,VGT,5.0,26.6,25.2,25.2,26.6,25.64,0.55,"3,885,451.60","1,322,512.99",0.0,-0.39,-0.26,-0.39,-1.08,-1.08
374,POW,5.0,17.05,16.15,16.15,17.2,16.75,0.41,"18,678,100.00","3,121,499.82",0.0,-1.36,-1.21,-1.56,-1.08,-1.08
375,GSP,5.0,17.05,16.15,16.15,17.05,16.64,0.4,"934,200.00","376,280.19",0.0,-0.92,-1.79,-0.53,-1.08,-1.08
376,CTS,5.0,39.3,37.2,37.2,39.3,38.38,0.79,"721,560.00","184,970.90",0.0,-1.83,-0.79,-0.98,-1.09,-1.09
377,PVM,5.0,22.6,21.4,21.4,22.6,22.0,0.49,"227,600.00","165,007.32",0.0,-0.92,-1.51,-0.46,-1.09,-1.09
378,MHC,5.0,13.1,12.4,12.4,13.1,12.69,0.27,"868,460.00","301,056.45",0.0,-1.19,-0.92,-0.2,-1.09,-1.09
379,PVP,5.0,20.7,19.6,19.6,20.8,20.18,0.55,"1,337,940.20","758,258.12",0.0,-1.25,-1.96,-0.13,-1.09,-1.09
380,PMB,5.0,24.2,22.9,22.9,25.5,24.08,1.13,"200,031.40","68,398.03",0.0,-0.22,-3.52,-1.97,-1.1,-1.1
381,HU4,5.0,22.1,20.9,20.9,22.1,21.7,0.47,"150,285.00","112,332.51",0.0,-2.09,-1.24,-1.27,-1.11,-1.11
382,DHC,5.0,78.9,74.6,73.5,78.9,75.8,2.15,"225,860.00","47,023.54",0.0,0.75,-0.18,-0.79,-1.11,-1.11
383,BCM,5.0,76.6,72.4,71.5,76.6,73.74,2.01,"383,620.00","222,189.50",0.0,-0.68,0.42,-0.81,-1.12,-1.12
384,MBS,5.0,37.9,35.8,35.8,37.9,37.0,0.83,"1,210,046.40","435,251.36",0.0,-1.77,-0.73,-1.22,-1.13,-1.13
385,HNG,5.0,10.5,9.92,9.9,10.5,10.05,0.26,"14,533,560.00","4,624,579.34",0.0,0.0,0.07,-0.2,-1.13,-1.13
386,TCI,5.0,20.0,18.9,18.9,20.0,19.4,0.44,"852,332.60","285,662.10",0.0,-0.78,-0.52,-1.03,-1.13,-1.13
387,PET,5.0,55.6,52.5,51.0,55.6,52.66,1.75,"1,308,440.00","387,155.73",0.0,0.1,0.97,0.34,-1.14,-1.14
388,BMS,5.0,21.4,20.2,20.2,21.4,20.8,0.43,"172,263.60","67,909.46",0.0,-1.45,-0.81,-0.85,-1.15,-1.15
389,TDG,5.0,13.0,12.25,12.25,13.15,12.85,0.35,"1,045,600.00","507,267.67",0.0,-2.36,-2.34,-1.47,-1.18,-1.18
390,HHG,5.0,8.6,8.1,7.9,8.6,8.22,0.28,"1,240,437.00","374,018.31",0.0,-1.8,0.84,0.0,-1.19,-1.19
391,TCH,5.0,22.3,21.0,21.0,22.3,21.62,0.48,"7,957,400.00","2,078,511.01",0.0,-1.28,-0.7,-0.93,-1.19,-1.19
392,L18,5.0,61.6,58.0,58.0,61.6,59.72,1.34,"136,669.20","41,151.47",0.0,-1.93,-0.68,-0.64,-1.2,-1.2
393,SHS,5.0,43.9,41.3,41.3,43.9,42.74,0.96,"5,323,821.60","1,680,253.36",0.0,-1.77,-0.95,-1.12,-1.21,-1.21
394,LIG,5.0,15.2,14.3,14.3,15.2,14.68,0.33,"1,402,367.80","516,891.66",0.0,-1.03,-0.69,-0.69,-1.21,-1.21
395,HU1,5.0,16.05,15.1,15.1,17.15,16.23,0.85,"114,580.00","33,105.85",0.0,-2.39,-3.87,-3.13,-1.21,-1.21
396,HAR,5.0,10.9,10.25,10.25,10.9,10.41,0.28,"2,317,320.00","699,014.67",0.0,0.0,0.0,-0.36,-1.22,-1.22
397,OIL,5.0,21.6,20.3,20.3,21.9,21.14,0.63,"5,252,534.60","2,153,923.38",0.0,-1.68,-2.5,-0.73,-1.23,-1.23
398,VDS,5.0,39.9,37.5,37.5,39.9,38.94,0.91,"1,049,200.00","412,442.95",0.0,-2.19,-1.63,-0.78,-1.23,-1.23
399,TLH,5.0,21.5,20.2,20.2,21.5,20.78,0.49,"1,866,540.00","499,294.21",0.0,-1.22,-1.21,-0.43,-1.24,-1.24
400,EVG,5.0,14.9,14.0,14.0,14.9,14.36,0.34,"710,800.00","167,102.41",0.0,-0.71,-0.7,-0.7,-1.24,-1.24
401,CTD,5.0,90.5,85.0,85.0,90.5,87.06,2.53,"661,300.00","176,638.57",0.0,0.0,-0.31,-1.14,-1.25,-1.25
402,TDC,5.0,24.7,23.2,23.2,24.7,23.89,0.56,"879,080.00","331,180.44",0.0,-1.27,-0.64,-0.95,-1.25,-1.25
403,TNG,5.0,36.0,33.8,33.0,36.0,33.98,1.18,"3,789,523.80","1,001,482.84",0.0,0.75,0.8,0.0,-1.25,-1.25
404,GVR,5.0,36.75,34.5,34.5,36.75,35.82,0.86,"2,644,460.00","924,058.09",0.0,-1.49,-1.41,-1.26,-1.26,-1.26
405,FIT,5.0,14.5,13.6,13.6,14.5,13.92,0.37,"4,966,800.00","1,341,779.51",0.0,-1.09,0.0,-0.72,-1.27,-1.27
406,TVN,5.0,17.6,16.5,16.5,17.6,17.0,0.4,"1,382,434.80","394,856.30",0.0,-1.19,-1.18,-0.6,-1.28,-1.28
407,ITA,5.0,16.85,15.8,15.8,16.85,16.2,0.41,"11,897,680.00","3,570,307.32",0.0,-0.63,-0.42,-0.85,-1.28,-1.28
408,QCG,5.0,13.45,12.6,12.6,13.45,12.91,0.34,"749,440.00","187,690.26",0.0,-0.78,-0.26,-0.78,-1.3,-1.3
409,POM,5.0,15.75,14.75,14.75,15.75,15.19,0.38,"608,000.00","206,381.53",0.0,-1.17,-1.32,-0.42,-1.3,-1.3
410,HQC,5.0,8.04,7.53,7.53,8.04,7.68,0.21,"11,985,420.00","3,852,174.49",0.0,-0.46,-0.09,-0.56,-1.3,-1.3
411,BSR,5.0,29.5,27.6,27.6,29.5,28.62,0.73,"16,226,305.20","4,045,737.94",0.0,-1.59,-1.75,-0.71,-1.32,-1.32
412,FUEVN100,5.0,20.64,19.3,19.3,20.64,19.89,0.49,"181,020.00","84,885.32",0.0,-1.02,-1.0,-0.81,-1.33,-1.33
413,DIG,5.0,94.1,88.0,87.6,94.1,89.76,2.78,"5,407,960.00","2,570,754.65",0.0,-1.66,-0.04,0.11,-1.33,-1.33
414,SAM,5.0,19.95,18.65,18.65,19.95,19.15,0.49,"1,523,820.00","482,555.34",0.0,-1.31,-0.44,-0.59,-1.34,-1.34
415,TIS,5.0,13.8,12.9,12.9,13.8,13.24,0.34,"578,668.40","272,661.54",0.0,-1.14,-0.76,-0.38,-1.34,-1.34
416,HSG,5.0,42.45,39.65,39.65,42.45,40.98,1.06,"14,134,280.00","1,787,164.90",0.0,-1.6,-1.47,-0.47,-1.36,-1.36
417,VGC,5.0,54.7,51.0,51.0,54.7,53.14,1.37,"1,141,860.00","508,659.46",0.0,-2.18,-1.21,-1.33,-1.39,-1.39
418,PGS,5.0,29.5,27.5,27.5,30.0,28.86,0.96,"169,660.80","104,580.39",0.0,-2.11,-2.86,-0.98,-1.39,-1.39
419,NHA,5.0,66.0,61.5,61.5,66.0,62.92,1.85,"263,220.00","60,765.43",0.0,-1.43,-0.16,-0.2,-1.4,-1.4
420,HPG,5.0,51.1,47.6,47.6,51.1,49.43,1.26,"36,981,840.00","6,646,920.69",0.0,-1.59,-1.53,-0.95,-1.41,-1.41
421,PAN,5.0,34.0,31.65,31.65,34.0,32.78,0.85,"3,439,460.00","836,131.24",0.0,-1.39,-1.08,-1.04,-1.42,-1.42
422,DBC,5.0,78.5,73.0,73.0,78.5,74.62,2.29,"2,254,520.00","847,721.20",0.0,-0.14,-0.23,-0.64,-1.44,-1.44
423,PHP,5.0,29.8,27.7,27.7,29.8,28.56,0.87,"221,348.20","80,585.91",0.0,-0.89,-1.63,-0.27,-1.45,-1.45
424,SBT,5.0,25.5,23.7,23.7,25.5,24.44,0.68,"7,008,420.00","1,835,011.39",0.0,-1.44,-0.49,-0.88,-1.45,-1.45
425,VGS,5.0,40.8,37.9,37.9,40.8,39.24,1.12,"450,576.20","139,054.22",0.0,-2.29,-1.2,-0.39,-1.46,-1.46
426,VPH,5.0,16.1,14.95,14.95,16.1,15.44,0.42,"663,300.00","184,845.62",0.0,-1.63,-0.66,-0.82,-1.47,-1.47
427,MCG,5.0,9.94,9.23,9.23,9.94,9.48,0.28,"836,760.00","364,203.56",0.0,-1.12,-0.25,-0.72,-1.47,-1.47
428,MAC,5.0,9.8,9.1,9.1,9.8,9.5,0.25,"313,096.00","59,782.33",0.0,-2.13,-1.77,-1.07,-1.47,-1.47
429,PVL,5.0,13.8,12.8,12.6,13.8,13.04,0.46,"1,338,707.00","464,922.74",0.0,-0.39,0.53,-0.58,-1.49,-1.49
430,TAR,5.0,42.0,38.9,38.9,42.0,40.0,1.25,"1,928,847.20","805,617.96",0.0,-0.13,-0.84,-0.82,-1.52,-1.52
431,PVB,5.0,26.6,24.6,24.6,27.8,26.32,1.34,"766,215.40","223,467.27",0.0,-5.07,-3.99,-0.7,-1.55,-1.55
432,PXS,5.0,14.5,13.4,13.4,14.65,14.09,0.53,"1,814,700.00","374,529.00",0.0,-2.86,-2.93,-0.55,-1.57,-1.57
433,SZC,5.0,76.7,70.8,70.8,76.7,73.8,2.22,"2,063,260.00","927,749.21",0.0,-1.92,-1.9,-0.73,-1.59,-1.59
434,VC7,5.0,24.5,22.6,22.6,24.5,23.42,0.71,"376,828.80","143,314.44",0.0,-1.93,-0.58,-0.97,-1.6,-1.6
435,GEX,5.0,41.15,37.95,37.95,41.15,39.52,1.19,"16,345,060.00","5,967,961.77",0.0,-1.98,-1.74,-0.68,-1.61,-1.61
436,PXI,5.0,8.33,7.67,7.67,8.33,8.01,0.26,"742,060.00","257,076.75",0.0,-1.47,-2.2,-0.89,-1.64,-1.64
437,CEO,5.0,70.0,64.4,64.4,70.0,66.12,2.34,"5,426,033.60","2,198,317.09",0.0,-1.67,-0.36,-0.04,-1.65,-1.65
438,NSH,5.0,18.5,17.0,16.9,18.5,17.42,0.66,"681,203.40","238,068.23",0.0,-1.72,0.2,-0.15,-1.68,-1.68
439,FTS,5.0,57.2,52.5,52.5,57.2,55.4,1.8,"497,500.00","139,261.66",0.0,-2.3,-2.19,-1.69,-1.7,-1.7
440,AAV,5.0,24.4,22.4,22.4,24.4,23.4,0.8,"597,948.00","102,567.52",0.0,-1.31,-1.16,-1.71,-1.7,-1.7
441,NBB,5.0,33.05,30.3,30.3,33.05,31.83,1.03,"2,123,860.00","900,843.48",0.0,-2.46,-1.34,-1.66,-1.72,-1.72
442,PLX,5.0,63.3,58.0,58.0,63.3,61.38,2.11,"4,363,960.00","1,710,983.48",0.0,-2.73,-2.72,-1.37,-1.73,-1.73
443,API,5.0,72.1,66.0,66.0,72.1,69.22,2.26,"163,810.00","50,879.22",0.0,-2.13,-1.33,-1.6,-1.75,-1.75
444,SCI,5.0,30.4,27.8,27.7,30.4,28.48,1.17,"260,008.00","99,004.02",0.0,0.18,0.12,-0.88,-1.77,-1.77
445,LDG,5.0,21.1,19.3,19.3,21.1,19.94,0.68,"8,423,560.00","3,495,282.62",0.0,-1.52,-0.68,-0.51,-1.77,-1.77
446,PHR,5.0,81.5,74.5,74.5,81.5,78.2,2.5,"847,980.00","394,464.62",0.0,-2.21,-1.73,-1.33,-1.78,-1.78
447,TIP,5.0,57.0,52.1,52.1,57.0,54.66,1.8,"329,360.00","114,749.83",0.0,-2.23,-1.31,-1.57,-1.78,-1.78
448,PGC,5.0,27.35,25.0,25.0,27.35,26.27,0.88,"292,700.00","138,307.38",0.0,-2.22,-2.29,-1.02,-1.78,-1.78
449,APS,5.0,34.4,31.2,31.2,34.4,33.06,1.19,"1,823,065.60","602,673.16",0.0,-3.2,-1.65,-1.84,-1.93,-1.93
450,GAS,5.0,124.6,112.9,112.9,124.6,119.78,4.44,"1,514,300.00","482,509.81",0.0,-2.39,-2.6,-1.66,-1.95,-1.95
451,PVT,5.0,29.1,26.3,26.3,29.1,27.84,1.05,"8,938,900.00","2,576,439.99",0.0,-2.47,-2.59,-1.29,-2.0,-2.0
452,NTT,5.0,11.1,10.0,10.0,11.1,10.82,0.46,"117,620.00","259,377.24",0.0,-4.65,-3.13,-2.35,-2.07,-2.07
453,MSN,5.0,158.2,142.5,142.5,158.8,153.0,6.82,"1,052,460.00","360,128.38",0.0,-2.53,-2.87,-2.67,-2.07,-2.07
454,CNG,5.0,40.75,36.7,36.7,40.75,39.19,1.53,"538,520.00","171,018.27",0.0,-2.99,-2.83,-1.82,-2.07,-2.07
455,TID,5.0,56.7,51.0,51.0,56.7,53.36,2.15,"165,573.20","50,753.02",0.0,-1.72,-0.84,-1.42,-2.1,-2.1
456,IDC,5.0,77.3,69.3,69.3,77.3,72.86,2.99,"2,870,335.40","1,364,652.97",0.0,-1.96,-1.08,-1.63,-2.16,-2.16
457,ASP,5.0,17.4,15.6,15.6,17.4,16.42,0.72,"825,640.00","194,988.48",0.0,-1.26,-2.63,-0.94,-2.16,-2.16
458,PXL,5.0,17.4,15.6,15.6,17.4,16.46,0.7,"636,925.40","167,838.24",0.0,-1.57,-1.45,-1.98,-2.16,-2.16
459,TVD,5.0,22.1,19.8,19.8,22.1,21.16,0.92,"1,222,316.80","421,479.38",0.0,-4.48,-2.71,-1.11,-2.17,-2.17
460,PBP,5.0,43.0,38.5,37.9,44.1,41.12,2.77,"140,823.20","28,576.78",0.0,0.79,-2.94,-3.34,-2.19,-2.19
461,PCG,5.0,12.4,11.1,11.1,12.5,12.08,0.57,"255,010.40","72,428.31",0.0,-4.22,-3.88,-2.53,-2.19,-2.19
462,CII,5.0,33.25,29.75,29.75,33.25,31.05,1.34,"8,662,520.00","2,802,425.02",0.0,-1.8,-0.61,-1.1,-2.2,-2.2
463,HTP,5.0,47.0,41.9,40.2,47.0,43.84,2.8,"135,720.00","14,379.22",0.0,2.09,-1.77,-2.25,-2.27,-2.27
464,DRH,5.0,19.37,17.1,17.1,19.37,18.17,0.83,"2,743,840.00","1,434,523.25",0.0,-1.97,-2.29,-1.62,-2.46,-2.46
465,IDJ,5.0,32.9,29.0,29.0,32.9,30.86,1.39,"1,478,614.00","378,459.04",0.0,-2.81,-1.77,-1.73,-2.49,-2.49
466,PFL,5.0,14.6,12.8,12.8,14.6,13.6,0.68,"1,174,731.40","504,794.22",0.0,-1.53,-2.0,-1.86,-2.6,-2.6
467,VRC,5.0,30.25,26.5,26.5,30.9,29.07,1.75,"389,820.00","92,797.29",0.0,-3.06,-3.51,-3.77,-2.61,-2.61
468,NBC,5.0,25.1,21.8,21.8,25.1,23.94,1.34,"1,200,280.00","275,060.87",0.0,-5.09,-4.46,-1.96,-2.78,-2.78
469,TC6,5.0,18.1,15.7,15.7,18.2,17.28,1.01,"1,165,584.60","518,176.14",0.0,-5.01,-4.81,-1.97,-2.8,-2.8
470,PXT,5.0,12.0,10.4,10.4,12.0,11.32,0.7,"780,856.00","190,439.70",0.0,-4.06,-4.66,-1.17,-2.82,-2.82
471,THT,5.0,19.8,17.1,17.1,19.8,18.68,0.99,"609,954.60","210,842.53",0.0,-4.63,-3.62,-2.08,-2.89,-2.89
472,TSC,5.0,23.05,19.6,19.6,23.05,21.47,1.38,"13,664,420.00","6,087,898.12",0.0,-3.51,-2.35,-3.5,-3.19,-3.19
473,VMG,5.0,13.2,11.2,11.2,13.2,12.14,0.77,"125,341.60","50,245.09",0.0,-2.99,-3.85,-1.3,-3.23,-3.23
474,CST,5.0,23.7,19.9,19.9,23.7,21.76,1.36,"891,799.60","280,100.53",0.0,-3.79,-3.29,-2.14,-3.43,-3.43
475,MDC,5.0,20.1,16.8,16.8,20.1,18.6,1.19,"112,623.20","30,123.07",0.0,-4.45,-4.02,-2.64,-3.52,-3.52
476,PTC,5.0,82.0,68.1,68.1,82.0,74.16,5.33,"1,134,240.00","625,321.12",0.0,-3.55,-1.43,-2.83,-3.65,-3.65
477,HLC,5.0,23.1,18.5,18.5,23.1,21.1,1.73,"126,363.80","50,003.45",0.0,-5.0,-4.89,-4.13,-4.34,-4.34
